юСЩЭХЮЯзСЮЩХ;ђСкпХЭ;"уХЮС кС лд.,
веТ.";юфѓ, веТ.;"ѓдЯЩЭЯгди, веТ. (г
юфѓ)";чСвСЮдЩб
EDISON SOLO 7-22 Ыїд;Type 2;83 333,33;16 666,67;100 000,00;5 ЬХд
EDISON DUO 44 (2Ш22) Ыїд;Type 2 / Type 2;137 500,00;27 500,00;165 000,00;5 ЬХд
EDISON SLIM 7-22 Ыїд;Type 2;100 000,00;20 000,00;120 000,00;5 ЬХд
EDISON SLIM 7-22 Ыїд;GB/T (AC);100 000,00;20 000,00;120 000,00;5 ЬХд
ыСТХЬи Type 2 - Type 2 5Э;Type 2 - Type 2;16 666,67;3 333,33;20 000,00;ask
ыСТХЬи Type 2 - Type 2 7Э;Type 2 - Type 2;23 750,00;4 750,00;28 500,00;ask
ыСТХЬи Type 2 - Type 2 10Э;Type 2 - Type 2;27 250,00;5 450,00;32 700,00;ask
ыСТХЬи Type 2 - GB/T 5Э;Type 2 - GB/T;16 666,67;3 333,33;20 000,00;ask
ыСТХЬи Type 2 - GB/T 7Э;Type 2 - GB/T;23 750,00;4 750,00;28 500,00;ask
ыСТХЬи Type 2 - GB/T 10Э;Type 2 - GB/T;27 250,00;5 450,00;32 700,00;ask
ывХаЬХЮЩХ ЮС гдХЮе ФЬб кСвбФЮЯЧЯ ЫСТХЬб;;7 500,00;1 500,00;9 000,00;ask
яаЯвЮСб гдЯЪЫС ФЬб гдСЮУЩЪ EDISON SOLO;;33 333,33;33 333,33;33 333,33;ask
яаЯвЮСб гдЯЪЫС ФЬб гдСЮУЩЩ EDISON DUO;;50 000,00;10 000,00;60 000,00;ask
EDISON DC 150 Ыїд;GB/T;2 625 000,00;525 000,00;3 150 000,00;2 ЧЯФС
EDISON DC 150 Ыїд;CCS;2 625 000,00;525 000,00;3 150 000,00;2 ЧЯФС
EDISON DC 60 Ыїд;GB/T;1 750 000,00;350 000,00;2 100 000,00;2 ЧЯФС
EDISON DC 60 Ыїд;CCS;1 750 000,00;350 000,00;2 100 000,00;2 ЧЯФС
EDISON DC 90 Ыїд;GB/T;2 125 000,00;425 000,00;2 550 000,00;2 ЧЯФС
EDISON DC 90 Ыїд;CCS;2 125 000,00;425 000,00;2 550 000,00;2 ЧЯФС
EDISON DC 120 Ыїд;GB/T;2 375 000,00;475 000,00;2 850 000,00;2 ЧЯФС
EDISON DC 120 Ыїд;CCS;2 375 000,00;475 000,00;2 850 000,00;2 ЧЯФС
EDISON DC 30 Ыїд;GB/T (DC);541 666,67;108 333,33;650 000,00;2 ЧЯФС
EDISON DC 30 Ыїд;CCS;541 666,67;108 333,33;650 000,00;2 ЧЯФС
EDISON DC 40Ыїд;GB/T (DC);650 000,00;130 000,00;780 000,00;2 ЧЯФС
EDISON DC 40Ыїд;CCS;650 000,00;130 000,00;780 000,00;2 ЧЯФС
EDISON DC 60 Ыїд;GB/T (DC);1 500 000,00;300 000,00;1 800 000,00;2 ЧЯФС
EDISON DC 60 Ыїд;CCS;1 500 000,00;300 000,00;1 800 000,00;2 ЧЯФС
